{
  "name": "DisplayUART",
  "version": "1.0.0",
  "keywords": "uart, graphics, display, lcd",
  "description": "MI0283QT-Adapter v2 + GLCD-Shield (UART)",
  "include": "DisplayUART",
  "repository":
  {
    "type": "git",
    "url": "https://github.com/watterott/Arduino-Libs.git"
  },
  "dependencies":
  [
    {
      "name": "digitalWriteFast",
      "frameworks": "arduino"
    },
    {
      "name": "GraphicsLib",
      "frameworks": "arduino"
    }
  ],
  "frameworks": "arduino",
  "platforms": "atmelavr"
}
